Year,Predicted_Temperature
2016,15.841781691988487
2017,15.853082669347575
2018,15.864350064713246
2019,15.875582152465844
2020,15.881075099195424
2021,15.892376076554497
2022,15.903643471920168
2023,15.914875559672776
2024,15.920368506402333
2025,15.931669483761425
2026,15.942936879127094
2027,15.954168966879694
2028,15.95966191360926
2029,15.970962890968366
2030,15.982230286334016
2031,15.993462374086636
2032,15.9989553208162
2033,16.01025629817528
2034,16.021523693540967
2035,16.032755781293556
2036,16.03824872802311
2037,16.04954970538219
2038,16.06081710074788
2039,16.07204918850047
2040,16.077542135230033
2041,16.088843112589135
2042,16.100110507954795
2043,16.111342595707416
2044,16.116835542436984
2045,16.128136519796055
2046,16.139403915161722
2047,16.150636002914336
2048,16.156128949643897
2049,16.16742992700297
2050,16.178697322368652
2051,16.18992941012125
2052,16.19542235685081
2053,16.206723334209908
2054,16.21799072957559
2055,16.22922281732817
2056,16.234715764057736
2057,16.24601674141684
2058,16.257284136782495
2059,16.26851622453512
2060,16.274009171264677
2061,16.285310148623758
2062,16.296577543989446
2063,16.307809631742032
2064,16.313302578471596
2065,16.324603555830667
2066,16.335870951196352
2067,16.347103038948948
2068,16.352595985678505
2069,16.36389696303761
2070,16.37516435840327
2071,16.386396446155903
2072,16.391889392885453
2073,16.40319037024453
2074,16.4144577656102
2075,16.42568985336283
2076,16.43118280009238
2077,16.442483777451436
2078,16.45375117281712
2079,16.464983260569724
2080,16.4704762072993
2081,16.481777184658398
2082,16.493044580024044
2083,16.504276667776647
2084,16.509769614506205
2085,16.521070591865303
2086,16.532337987231
2087,16.543570074983577
2088,16.549063021713152
2089,16.56036399907225
2090,16.57163139443789
2091,16.582863482190504
2092,16.58835642892009
2093,16.599657406279153
2094,16.610924801644824
2095,16.622156889397456
2096,16.627649836126984
2097,16.63895081348609
2098,16.65021820885178
2099,16.66145029660435
2100,16.672645408569803
2101,16.68380193638618
2102,16.694918333772215
2103,16.705993118694575
2104,16.711938815776747
2105,16.723095343593084
2106,16.734211740979166
2107,16.74528652590151
2108,16.75123222298365
2109,16.762388750800028
2110,16.77350514818609
2111,16.7845799331084
2112,16.790525630190583
2113,16.801682158006965
2114,16.812798555392988
2115,16.823873340315338
